q,n1,n2,n3,n4,a,t,s
해양쓰레기의 발생 원인으로 옳은 것은?,장마철 폭우나 태풍으로 인해 버려진 쓰레기가 하천을 따라 바다로 유입된다.,해양쓰레기는 오직 조류의 배설물로만 발생한다.,해양쓰레기는 고의적으로 바다에 버려진 폐기물만을 포함한다.,해양쓰레기는 주로 바다에서만 발생하며 육상에서는 아무런 영향을 미치지 않는다.,1,해양쓰레기 발생원인,장마철 폭우와 태풍은 쓰레기를 하천으로 유입시켜 해양쓰레기를 증가시키기 때문입니다.
해양쓰레기 발생원인에 대한 설명 중 옳은 것은?,해양쓰레기는 산업 폐기물에서만 발생한다.,일상적인 생활에서 배출되는 쓰레기는 강을 따라 바다로 유입된다.,해양쓰레기는 대기 중의 유해물질이 바다로 직접 유입되어 생성된다.,해양쓰레기는 주로 해양 생물의 분해작용에 의해 발생한다.,2,해양쓰레기 발생원인,일상생활에서 발생한 쓰레기가 하수나 강을 통해 해양으로 흘러들어가 바다의 오염을 초래합니다.
해양쓰레기의 발생 원인으로 옳은 것은?,일상생활에서 배출되는 쓰레기가 하천과 강을 따라 바다로 들어온다.,해양쓰레기는 주로 해양 생물의 자연 분변으로만 발생한다.,해양쓰레기는 대기 중에서만 발생하여 바다로 흘러든다.,해양쓰레기는 해양에서 발생한 알갱이들의 자발적인 분해로만 존재한다.,1,해양쓰레기 발생원인,일상생활 쓰레기가 수로를 통해 해양으로 유입되기 때문입니다.
해양쓰레기의 발생 원인 중 옳은 것은?,해양쓰레기는 자연적으로 생겨나는 것만 포함된다.,해양쓰레기의 대부분은 공기 중에서 발생한다.,일상생활에서 배출된 쓰레기가 하천을 통해 바다로 유입된다.,해양쓰레기는 주로 해양 활동에서만 발생한다.,3,해양쓰레기 발생원인,일상생활에서 발생한 쓰레기가 하천으로 흘러 들어가 바다에 유입되기 때문입니다.
해양쓰레기의 발생원인으로 알맞은 것은?,해양쓰레기는 대부분의 경우 산업에서 발생한 폐기물이다.,일상적인 생활에서 배출된 쓰레기가 하천과 강을 따라 바다로 들어온다.,해양쓰레기는 주로 해양 생물에서 발생한다.,해양쓰레기는 오로지 선박에서 발생하는 쓰레기에 한정된다.,2,해양쓰레기 발생원인,일상 생활의 쓰레기가 하천을 통해 바다로 유입되므로 해양쓰레기 발생의 주요 원인입니다.
해양쓰레기로 인해 가장 직접적인 영향을 받는 것은 무엇인가?,미세먼지,육상 식물,바다생물,인간.,3,해양쓰레기 현황,해양쓰레기가 바다생물에 미치는 영향은 생명체의 서식지 파괴와 오염으로 인한 건강 저하 때문입니다.
해양쓰레기의 육상 기인 종류가 아닌 것은?,수산업에서 발생한 폐어구,소각장에서 발생한 재활용 불가능한 쓰레기,자연재해로 인한 유실된 건축 자재,산업폐수에서 발생한 오염물질,1,해양쓰레기 현황,수산업에서 발생한 폐어구는 해양에서 유래하므로 육상 기인에 해당하지 않습니다.
해양쓰레기로 인해 해양생태계에서 발생하는 문제로 옳은 것은?,미세플라스틱이 해양생태계를 위협하고 바다를 오염시킨다.,해양쓰레기는 해양생물에게 전혀 영향을 미치지 않는다.,해양쓰레기는 주기적으로 자연적으로 분해되어 없어지는 경향이 있다.,"해양쓰레기는 주로 식물에서 발생하며, 해양에 영향을 미치지 않는다.",1,해양쓰레기 피해 및 위험성,미세플라스틱은 해양생물의 섭취 및 서식지 파괴로 생태계를 위협합니다.
해양쓰레기가 바다 생물에 미치는 영향으로 옳은 것은?,해양쓰레기는 해양 생물의 번식에 긍정적인 영향을 미친다.,해양쓰레기는 지구의 온도를 낮추는 데 기여한다.,해양쓰레기로 인해 해양 생태계가 위협받고 생물이 살 수 없는 상황이 발생할 수 있다.,해양쓰레기는 바다 생물에게 영양분을 제공하여 생태계를 활성화한다.,3,해양쓰레기 피해 및 위험성,해양쓰레기는 생체의 서식지를 파괴하여 생명체의 생존을 위협합니다.
해양쓰레기의 피해 및 위험성에 대한 설명 중 올바른 것은?,해양쓰레기는 생물들이 좋아하는 서식지를 제공한다.,"해양쓰레기는 해양생태계를 위협하며, 바다 밑바닥을 오염시켜 생물의 생존을 어렵게 만든다.",해양쓰레기는 바다의 수온을 낮추는 효과가 있다.,해양쓰레기는 바다의 생물 다양성을 증진시킨다.,2,해양쓰레기 피해 및 위험성,"해양쓰레기는 생물 서식지를 파괴하고, 생존에 필요한 환경을 악화시키기 때문입니다."
해양쓰레기로 인해 발생하는 문제 중 옳은 것은?,해양쓰레기는 바다에서 완전히 분해되는 데 오랜 시간이 걸린다.,"해양쓰레기는 주로 어업에서 발생하며, 육상의 쓰레기와는 관련이 없다.",해양쓰레기는 자연적으로 신속하게 분해되어 해양생태계에 아무런 영향을 미치지 않는다.,"해양쓰레기는 플라스틱으로만 구성되어 있으며, 생물에게는 아무런 위험을 주지 않는다.",1,해양쓰레기 피해 및 위험성,"해양쓰레기는 분해가 매우 느려, 환경 문제를 유발합니다."
해양쓰레기로 인해 바다 생물에게 미치는 영향에 대한 설명으로 옳은 것은?,미세플라스틱은 해양생태계를 위협하고 바다를 오염시킨다.,미세플라스틱은 바다 생물에게 긍정적인 영향을 미치고 생태계를 개선한다.,해양쓰레기는 언제나 바다의 수온을 높여서 생물에게 이로운 영향을 준다.,해양쓰레기는 바다 생물의 먹이사슬에 영향을 주지 않는다.,1,해양쓰레기 피해 및 위험성,미세플라스틱은 해양 생물의 섭취 및 생태계 균형을 교란시켜 오염을 초래합니다.
해양쓰레기로 인해 발생하는 피해 중 바다생물에게 직접적인 피해를 주는 원인으로 거리가 먼 것은?,해양쓰레기를 먹이로 오인해 해양 생물이 먹는 경우,어선의 그물에 해양쓰레기가 걸리는 경우,피서객들이 해변에서 요가를 하는 경우,해양쓰레기가 바다에서 유해 화학물질을 방출하는 경우,3,해양쓰레기 피해 사례,"피서객들의 요가는 해양쓰레기와 무관하여, 바다생물에 직접적인 피해를 주지 않기 때문입니다."
태평양 해양 쓰레기섬의 규모 중 맞는 것은?,태평양 해양 쓰레기섬은 단지 약 10만 ㎢의 면적을 차지한다.,약 160만 ㎢의 면적을 차지한다.,태평양 해양 쓰레기섬은 약 100만 ㎢의 면적을 차지한다.,"태평양 해양 쓰레기섬은 약 50만 ㎢의 면적을 차지한다.",2,태평양 쓰레기섬,"태평양 해양 쓰레기섬은 약 160만 ㎢로, 이는 면적이 광범위하여 해양 생태계에 큰 영향을 미칩니다."
태평양 해양 쓰레기섬(GPGP)에 대한 설명 중 옳은 것은?,태평양 해양 쓰레기섬은 플라스틱만으로 형성된 지역이다.,태평양 해양 쓰레기섬은 매년 지구에 새로운 해양 쓰레기가 증가함에 따라 줄어들고 있다.,"해양 쓰레기섬의 규모는 약 160만 ㎢로, 무게는 약 8만 톤이다.","태평양 해양 쓰레기섬은 약 100만 ㎢로, 무게는 약 20만 톤이다.",3,태평양 쓰레기섬,"GPGP의 면적과 무게는 연구에 기반한 정확한 수치로, 해양 쓰레기 문제의 심각성을 나타냅니다."
태평양 해양 쓰레기섬(GPGP)의 발견자는 누구인가?,알렉스 존슨(Alex Johnson),제임스 카메론(James Cameron),찰스 무어(Charles Moore),리처드 브랜슨(Richard Branson),3,태평양 쓰레기섬,찰스 무어는 1997년 태평양에서 해양 쓰레기섬을 발견하여 이를 최초로 보고하였습니다.
태평양 쓰레기섬(GPGP)에서 발견된 플라스틱 쓰레기의 개수는 대략 얼마인가?,약 5천억 개,약 1조 8천억 개,약 100억 개,약 500억 개,2,태평양 쓰레기섬,GPGP에서 플라스틱 쓰레기 수는 해양 생태계 영향 분석 결과에 기반하여 약 1조 8천억 개로 추산되었습니다.
미세 플라스틱이 해양 생물에게 미치는 영향으로 옳은 것은?,미세 플라스틱은 바다의 수질 개선에 기여한다.,미세 플라스틱은 해양 생물의 성장에만 긍정적인 영향을 준다.,미세 플라스틱은 해양 생물에게 아무런 영향을 미치지 않는다.,"물리적인 상처, 장폐색, 산화 스트레스 등의 여러 가지 부작용을 겪을 수 있다.",4,미세플라스틱,미세 플라스틱은 해양 생물에게 물리적 손상과 생리적 스트레스를 유발하여 건강을 해칩니다.
미세 플라스틱이 해양 생물에 미치는 영향으로 알맞은 것은?,미세 플라스틱은 해양 생물에게 도움이 되며 영양분을 제공한다.,해양 생물은 미세 플라스틱을 소화할 수 있어 건강에 아무런 영향을 미치지 않는다.,해양 생물은 미세 플라스틱을 섭취하여 여러 가지 부작용을 겪을 수 있다.,미세 플라스틱은 해양 생물의 생태계에 전혀 영향을 미치지 않는다.,3,미세플라스틱,미세 플라스틱은 해양 생물의 건강에 해로운 화학물질을 포함해 부작용을 일으킬 수 있습니다.
미세플라스틱이 해양 생물에 미치는 영향을 올바르게 설명한 것은?,미세플라스틱은 해양 생물에 전혀 영향을 미치지 않는다.,해양 동물은 미세플라스틱을 섭취하면 더 건강해진다.,미세플라스틱은 해양 생물의 생태계에서 자연스럽게 분해된다.,"미세플라스틱을 섭취한 해양 동물은 물리적인 상처, 장폐색, 에너지 할당 감소 등 여러 가지 부작용을 겪을 수 있다.",4,미세플라스틱,미세플라스틱 섭취로 생물에 물리적 피해와 에너지 감소가 발생하기 때문입니다.
미세 플라스틱이 해양 생물에게 미치는 부작용으로 알맞은 것은?,미세 플라스틱은 해양 생물의 성장에 긍정적인 효과를 준다.,"물리적인 상처, 장폐색, 에너지 할당 감소 등이 발생할 수 있다.",미세 플라스틱은 해양 생물에게 아무런 영향을 미치지 않는다.,미세 플라스틱은 해양 생물에게 특수한 영양소를 제공한다.,2,미세플라스틱,"미세 플라스틱은 해양 생물에 물리적 손상을 주며, 장 폐쇄를 유발하고 에너지 소비를 증가시킵니다."
허베이스피릿호 원유유출사고로 인해 발생한 해양오염의 주된 원인은 무엇인가?,원유유출사고는 선원의 실수로 인해 발생했다.,허베이스피릿호는 태풍으로 인해 침몰했다.,삼성중공업 소유의 크레인이 예인선과의 연결이 끊어져 유조선과 충돌했다.,사고의 주된 원인은 유조선의 자율운항 시스템 고장이다.,3,허베이스피릿호 원유유출 사고,해양오염의 주된 원인은 크레인의 조작 미숙으로 인해 유조선과의 충돌이 발생했기 때문입니다.
허베이스피릿호 원유유출 사고의 주된 원인은 무엇인가?,허베이스피릿호의 엔진이 고장이 나서 사고가 발생하였다.,예인선과의 연결이 끊어져 크레인이 유조선과 충돌하였다.,해양경찰의 안전 점검을 무시해서 사고가 발생하였다.,허베이스피릿호는 원유 대신 생수만을 운반하고 있었다.,2,허베이스피릿호 원유유출 사고,"예인선과의 연결이 끊어짐으로써 유조선의 조타가 불가능해져, 크레인이 충돌하는 사고가 발생하였기 때문입니다."
허베이스피릿호 원유 유출 사고로 인해 발생한 해양오염 지역 중 올바른 것은?,허베이스피릿호 사고로 인해 발생한 해양오염은 제주도 근처에서만 발생했다.,"태안해안국립공원을 중심으로 해상 203㎢, 해안 54㎢의 해역오염이 발생했다.",해양오염이 발생하지 않았다.,허베이스피릿호 사고로 인해 부산에서만 오염이 발생했다.,2,허베이스피릿호 원유유출 사고,"태안해안국립공원은 유출 사고의 주요 피해 지역으로, 조사 결과 해당 면적이 해양오염의 범위를 정확히 나타냅니다."
허베이스피릿호 원유유출 사고와 관련하여 옳은 것은?,사고 지역은 제주도 앞바다였다.,허베이스피릿호 원유유출 사고는 2010년 4월 20일에 발생하였다.,"2007년 12월 7일 충남 앞 바다에서 발생하여 약 12,547㎘의 원유가 유출되었다.","이 사고로 유출된 원유의 양은 약 5,000㎘였다.",3,허베이스피릿호 원유유출 사고,"허베이스피릿호 사고는 원유 유출의 대표적 사례로, 유출량이 약 12,547㎘리거 명확히 기록되었습니다."
호주 시드니 해변에 떠밀려온 검은 공의 성분으로 알려진 것은?,검은 공은 물고기의 주요 먹이로 사용된다.,검은 공은 주로 나무로 이루어져 있다.,탄화수소 기반 오염물질이다.,검은 공은 해양 생물의 가치를 높이기 위한 해양 미술 작품이다.,3,호주 검은 공 사건,"검은 공은 탄화수소를 포함, 해양 오염의 주원인으로 파악됩니다."
호주 시드니 해변에 떠밀려온 검은 공은 어떤 성분으로 되어 있는가?,검은 공은 식물성 기름으로 만들어져 있다.,검은 공은 주로 철로 만들어져 있다.,탄화수소 기반 오염물질이다.,"검은 공은 금속으로 만들어져 있으며, 해양 생물의 배설물이다.",3,호주 검은 공 사건,"검은 공은 탄화수소 기반으로, 석유 제품에서 유래된 오염물질입니다."
호주 시드니 해변에 떠밀려온 검은 공은 무엇으로 알려져 있는가?,해양에서 자연적으로 생성되는 해양식물의 일종이다.,해양 생물의 배설물로 알려져 있는 자연적인 물질이다.,호주의 시드니 해변 근처에서 자주 발견되는 루비다.,탄화수소 기반 오염물질이다.,4,호주 검은 공 사건,"검은 공은 탄화수소 기반 오염물질로, 해양 오염의 지표입니다."
호주 시드니 해변에 떠밀려온 '검은 공'에 대한 설명으로 올바른 것은 무엇인가?,검은 공은 화산 폭발로 인해 발생한 자연적인 현상이다.,검은 공은 단순한 해조류로 이루어져 있다.,"검은 공은 탄화수소 기반 오염물질로, 석유가 다른 물질과 응고되어 생성되었다.",검은 공은 해양 생물의 배설물로 형성되었다.,3,호주 검은 공 사건,"검은 공은 석유 오염으로 인한 탄화수소의 응집체로, 해양 오염을 나타냅니다."
호주 시드니 해변에서 발견된 검은 공의 성분으로 정확한 것은 무엇입니까?,검은 공의 성분은 금속 합금이다.,검은 공의 성분은 방사성 물질이다.,검은 공의 성분은 식물성 오일이다.,탄화수소 기반 오염물질,4,호주 검은 공 사건,"검은 공은 탄화수소의 집합체로, 오염물질로 판단됩니다."
약품 사고로 인해 해양 생물에 부정적인 영향을 미치는 것은 무엇인가?,해양 생물에 대한 약품의 영향을 연구하는 것은 필요하지 않다.,항우울제에 노출된 민물가재는 포식자를 마주해도 피하지 않는다.,약품 사고는 해양 생물에게 어떤 영향을 미치지 않는다.,항생제가 노출된 민물고기는 생존율이 높아진다.,2,약품 사고,"항우울제가 민물가재의 행동을 변화시켜, 포식자에게 발각될 위험을 증가시킵니다."
해양 생물에 미치는 약품 오염의 영향으로 옳은 것은?,항생제에 노출된 해양 생물의 생존율은 항상 증가한다.,항우울제에 노출된 민물가재가 포식자에 반응하지 않는 행동이 생존에 부정적 영향을 미친다.,약품 오염은 해양 생물에게 전혀 영향을 미치지 않는다.,항우울제에 노출된 민물가재는 포식자의 반응을 더욱 잘하게 된다.,2,약품 사고,해당 행동은 포식자에게 더 쉽게 잡히게 하여 생존에 부정적 영향을 미칩니다.
제주바다에서 발견된 폐어구에 걸린 돌고래의 문제와 관련하여 옳은 것은?,남방큰돌고래는 제주에서 발견되지 않는 종이다.,제주에서 폐어구에 걸린 돌고래는 2주 만에 구출되었다.,폐어구는 돌고래의 생존에 전혀 영향을 미치지 않는다.,제주에서 폐어구에 걸린 남방큰돌고래 종달이가 10개월 만에 낚싯줄 제거에 성공했다.,4,폐어구에 걸린 돌고래,제주에서 남방큰돌고래가 폐어구로부터 구출된 사례를 통해 해양 생태계 보호의 중요성을 강조합니다.
제주바다에서 폐어구에 걸린 돌고래인 '종달이'는 어떤 문제를 겪었나요?,종달이는 먹이를 찾지 못해 힘들어했다.,낚싯줄에 감겨서 활동이 제한되었다.,"돌고래는 폐어구에 걸렸지만, 그로 인해 수동적인 이동을 할 수 있었다.",종달이는 바다의 오염물질로 인해 영향을 받았다.,2,폐어구에 걸린 돌고래,"'종달이'는 낚싯줄에 감겨 있어 활동이 제한되고, 생명에 위협을 받아 힘들어했습니다."
폐어구에 걸린 돌고래의 문제에 대한 설명으로 올바른 것은?,폐어구로 인해 돌고래의 생명과 생태계가 위협받고 있다.,돌고래는 폐어구로부터 완전히 안전하다.,폐어구는 돌고래의 생명에 아무런 영향을 미치지 않는다.,폐어구는 돌고래를 보살피는 데 도움이 된다.,1,폐어구에 걸린 돌고래,폐어구는 돌고래를 걸리게 하여 생명과 생태계에 위협을 초래하기 때문입니다.
폐어구에 걸린 돌고래와 관련하여 옳은 것은?,폐어구는 돌고래의 수영 능력을 향상시킨다.,제주바다에서는 폐어구 문제가 전혀 발생하지 않는다.,폐어구에 걸린 돌고래는 항상 구조된다.,폐어구로 인해 해양 생명이 위협받고 있다.,4,폐어구에 걸린 돌고래,"폐어구는 해양 생물을 잡아 죽이고, 건강을 해치므로 해양 생명이 위협받습니다."
폐어구에 걸린 돌고래가 제주바다에서 발견된 이유로 알맞은 것은?,바다의 해양 쓰레기가 증가하고 있기 때문이다.,돌고래는 폐어구와 무관하게 자연에서만 발견된다.,"폐어구는 바다에서 발생하지 않고, 주로 강에서 발견된다.",제주바다의 돌고래들은 해양 쓰레기와는 아무런 관계가 없다.,1,폐어구에 걸린 돌고래,"해양 쓰레기 증가로 폐어구가 많아져, 돌고래가 걸릴 위험이 커졌기 때문입니다."
우리나라 연안에서 발견된 바다 거북의 폐사체 중 플라스틱을 섭식한 비율은 얼마인가?,70.5%,90.2%,82.4%,55.1%,3,우리나라 바다 거북,해양 거북 폐사체에서 플라스틱 섭식이 높은 비율은 해양 오염의 심각성을 나타냅니다.
우리나라 연안에서 발견된 바다거북의 34마리 중 플라스틱을 섭식한 비율로 알맞은 것은?,0마리,31마리,10마리,28마리,4,우리나라 바다 거북,"34마리 중 28마리가 플라스틱을 섭식했다면, 섭식 비율은 약 82.4%로 계산됩니다."
"우리나라 연안에서 발견된 바다거북 중, 해양 플라스틱 섭식한 비율은?",30%,50%,100%,80%,4,우리나라 바다 거북,"바다거북은 해양 플라스틱을 섭식하는 비율이 높아, 생태계 오염의 직접적인 영향을 받습니다."
우리나라 연안에서 발견된 바다 거북 중 플라스틱을 섭식한 비율에 대한 설명으로 알맞은 것은?,모든 바다 거북이 플라스틱을 섭식하는 것으로 알려져 있다.,플라스틱을 섭식한 바다 거북은 전혀 발견되지 않았다.,10마리 중 8마리가 플라스틱을 먹은 것으로 확인되었다.,10마리 중 2마리만이 플라스틱을 섭식한 것으로 확인되었다.,3,우리나라 바다 거북,플라스틱 섭식 비율이 높아 환경 문제를 드러냅니다.
상괭이가 멸종위기 등급으로 지정된 이유로 알맞은 것은?,상괭이는 서식지의 자연적 변화로 인해 개체수가 줄어들고 있다.,상괭이는 환경오염으로 인해 생존 가능성이 높아지고 있다.,혼획 및 불법 포획 등으로 개체수가 급감하고 있기 때문이다.,상괭이는 다른 해양 포유류와의 경쟁 때문에 멸종위기에 처해 있다.,3,상괭이,상괭이는 인간 활동으로 인해 서식지가 파괴되고 개체수가 급감하였기 때문입니다.
상괭이가 주로 서식하는 지역으로 옳은 것은?,태평양의 심해,한반도 남서해,북극해,아프리카 해안,2,상괭이,상괭이는 주로 한반도 남서해의 따뜻한 수역에서 서식합니다.
상괭이의 개체수가 급감하고 있는 주된 원인은 무엇인가?,"혼획, 해양 쓰레기, 불법 포획 등 여러 환경적 요인",기후 변화,상괭이는 오직 자연 재해로만 생존 위협을 받고 있다.,상괭이는 인간과의 접촉이 많아서 개체수가 증가하고 있다.,1,상괭이,"상괭이 개체수 감소는 혼획, 해양 쓰레기, 불법 포획 등으로 생존 환경이 위협받기 때문입니다."
상괭이는 주로 어떤 지역에서 서식하는가?,한반도 남서해,대서양,북극해,남극,1,상괭이,"상괭이는 따뜻한 해양 환경에서 주로 서식하며, 한반도 남서해는 이러한 조건을 충족합니다."
상괭이의 주요 서식지는 어디인가?,한반도 남서해,대서양,남극 지역,호수와 강에서만 서식한다.,1,상괭이,"상괭이는 한반도 남서해의 얕은 바다에서 주로 서식하며, 이곳의 수온과 먹이가 풍부하기 때문입니다."
해양쓰레기의 발생원인으로 알맞은 것은?,해양쓰레기는 바다의 소금물에 의해 즉시 정화된다.,해양쓰레기는 주로 산소 부족으로 발생한다.,일상적인 생활에서 배출되는 쓰레기가 하천과 강을 따라 바다로 유입된다.,해양쓰레기는 지구 온난화로 인해 자연적으로 생성된다.,3,해양쓰레기 발생원인,일상 쓰레기가 하천 통해 바다로 유입되기 때문입니다.
다음 중 해양쓰레기 발생원인으로 알맞은 것은?,해양쓰레기는 주로 해안가에서만 발생한다.,일상적인 생활에서 배출되는 쓰레기가 하천과 강을 따라 바다로 들어온다.,해양쓰레기는 어업 활동과 전혀 관련이 없다.,해양쓰레기는 태평양에서만 발생하는 현상이다.,2,해양쓰레기 발생원인,"일상 생활쓰레기, 유입되어 해양오염 유발합니다."
해양쓰레기 발생원인으로 알맞은 것은?,해양쓰레기는 외계에서 떨어진 운석 때문에 발생한다.,해양쓰레기는 산에서만 발생한다.,해양쓰레기는 아무 영향이 없으므로 무시할 수 있다.,일상적인 생활에서 배출된 쓰레기가 하천과 강을 따라 바다로 들어오거나 해안 또는 배에서 직접 바다로 들어간다.,4,해양쓰레기 발생원인,일상 쓰레기가 수로 통해 바다로 유입되기 때문입니다.
해양쓰레기의 현황에 대한 설명으로 알맞은 것은?,해양쓰레기는 주로 육지의 산에서 발생한다.,해양쓰레기는 한 번 발생하면 자연적으로 빠르게 분해된다.,국내 해양쓰레기의 총량은 매년 약 1톤 미만으로 매우 적다.,국내 해양쓰레기의 총량은 매년 약 12만톤~14만톤으로 추정된다.,4,해양쓰레기 현황,통계 자료에 기반한 추정치이기 때문입니다.
해양쓰레기의 주요 유입 경로로 옳은 것은?,해양쓰레기는 수산업과 전혀 관련이 없다.,해양쓰레기는 주로 외계에서 비행 접시로 운송된다.,해양쓰레기는 바람에 의해 우주로 날아간다.,"육지에서 하천을 따라 들어오거나, 수산업에서 발생한 폐어구가 바다로 유입된다.",4,해양쓰레기 현황,육지와 수산업이 주된 해양 쓰레기 원천입니다.
다음 중 해양쓰레기의 주요 유입 경로로 알맞은 것은?,해양쓰레기는 주로 우주에서 떨어진 파편들로 구성된다.,육지에서의 홍수 때 하천을 따라 들어오는 양과 바다에서 수산업에서 발생한 폐어구가 유입된다.,해양쓰레기는 대기 오염에 의해 공기 중으로 유입된다.,해양쓰레기는 대부분 해저에서 자연적으로 분해된다.,2,해양쓰레기 현황,"홍수 시 육지 쓰레기가 하천을 통해 유입되며, 수산업 폐기물도 주요 원인입니다."
해양쓰레기의 주요 유입 경로로 알맞은 것은?,해양쓰레기의 주요 유입 경로는 주로 공기 중에 떠다니는 먼지이다.,해양쓰레기는 모두 자연적으로 분해되며 해양 환경에 해가 되지 않는다.,"육지에서 유입되는 양이 65%로, 하천을 따라 들어오는 경우가 많다.",해양쓰레기는 대양의 깊은 곳에서만 발생하는 현상이다.,3,해양쓰레기 현황,육지 오염원과 강을 통해 해양으로 유입됩니다.
해양쓰레기의 주요 유입 경로로 알맞은 것은?,해양쓰레기는 대기 중에서 떨어지는 우주 먼지가 주요 원인이다.,해양쓰레기는 단지 해저 화산 폭발로만 발생한다.,해양쓰레기의 주요 유입 경로는 해양 동물들이 운반하는 것이다.,"육지에서 유입되는 양이 65%로 대부분을 차지하며, 육지에서는 홍수 때 하천을 따라 들어오는 양이 많다.",4,해양쓰레기 현황,육지 유입이 많아 해양쓰레기의 주요 경로입니다.
다음 중 해양쓰레기의 피해 및 위험성에 대한 설명으로 알맞은 것은?,해양쓰레기는 바닷물에 의해 즉시 분해되어 환경에 영향을 주지 않는다.,모든 해양쓰레기는 생물에게 유익한 자원이 된다.,"해양쓰레기는 육상에서만 발생하며, 해상에서는 발생하지 않는다.",해양쓰레기는 자연 작용에 의해 완전히 분해되기까지 오랜 시간이 소요된다.,4,해양쓰레기 피해 및 위험성,해양쓰레기는 분해에 수백년이 걸리기 때문입니다.
다음 중 해양쓰레기의 피해 및 위험성에 대한 설명으로 알맞은 것은?,해양쓰레기는 풍화작용으로 미세플라스틱이 되어 해양생태계를 위협하고 바다를 오염시킨다.,해양쓰레기는 해안 국가들에서만 문제로 보고되고 해양국가에서는 큰 문제가 되지 않는다.,해양쓰레기는 자연적으로 빠르게 분해되어 환경에 무해하다.,해양쓰레기는 해양 생물에게 이로운 환경을 제공한다.,1,해양쓰레기 피해 및 위험성,미세플라스틱은 해양 생물과 환경에 심각한 영향을 미칩니다.
다음 중 해양쓰레기로 인해 발생할 수 있는 피해 및 위험성으로 옳은 것은?,해양쓰레기는 바다에서 자연적으로 빠르게 분해되어 무해하다.,해양쓰레기는 풍화작용으로 미세플라스틱이 되어 해양생태계를 위협한다.,해양쓰레기는 해양생태계와 전혀 관련이 없다.,해양쓰레기는 지구의 기후 변화에 긍정적인 영향을 미친다.,2,해양쓰레기 피해 및 위험성,해양쓰레기는 미세플라스틱으로 분해되어 생태계를 위협합니다.
다음 중 해양쓰레기의 위험성에 대한 설명으로 알맞은 것은?,"플라스틱 해양쓰레기는 자연 작용에 의해 분해되며, 미세플라스틱으로 변해 해양생태계를 위협한다.","해양쓰레기는 해안가에만 영향을 미치고, 바다 깊숙한 곳에는 영향을 주지 않는다.",해양쓰레기는 시간이 지나면 모두 자연적으로 사라진다.,플라스틱 해양쓰레기는 물고기와 상호작용하여 해양 생태계를 개선한다.,1,해양쓰레기 피해 및 위험성,플라스틱은 분해되면서 미세플라스틱이 되어 생태계를 위협합니다.
해양쓰레기의 위험성으로 알맞은 것은?,해양쓰레기는 풍화작용으로 인해 미세플라스틱이 되어 해양생태계를 위협한다.,해양쓰레기는 해양생태계에 긍정적인 변화를 가져온다.,"해양쓰레기는 해양 생물에게 안전하며, 그들에게 피해를 주지 않는다.",해양쓰레기는 자연적으로 몇 주 내에 완전히 분해된다.,1,해양쓰레기 피해 및 위험성,미세플라스틱은 생태계에 악영향을 미칩니다.
다음 중 해양쓰레기로 인한 피해 사례로 알맞은 것은?,해양쓰레기는 단순히 해안가의 경관을 아름답게 만든다.,해양쓰레기는 해산물 어획량 감소 및 어업장비 손상 등의 어업 생산성 저하를 초래한다.,해양쓰레기는 해양 생태계를 활성화시켜 다양한 어종의 서식을 증가시킨다.,해양쓰레기는 바다에서 자연적으로 분해되어 아무런 문제를 일으키지 않는다.,2,해양쓰레기 피해 사례,해양쓰레기는 어업 장비를 방해하고 해양 생태계를 파괴합니다.
다음 중 해양쓰레기로 인한 피해 사례에 대한 설명으로 옳은 것은?,해양쓰레기는 해양 생물에게 피난처를 제공하여 긍정적인 영향을 미친다.,해양쓰레기는 해저에서만 발생하고 지상에서는 문제가 되지 않는다.,해양쓰레기는 시간이 지나면 자연적으로 사라지기 때문에 큰 문제가 되지 않는다.,해양쓰레기는 바람과 해류를 따라 국가 간 이동하여 외교 문제를 일으킬 수 있다.,4,해양쓰레기 피해 사례,국가 간 쓰레기 이동은 외교적 갈등을 초래합니다.
해양쓰레기 문제로 인해 발생할 수 있는 현상으로 알맞은 것은?,해양쓰레기는 해양 생물에게 서식지를 제공하는 긍정적인 영향을 미친다.,해양쓰레기는 자연적으로 오존층 파괴를 막는다.,해양쓰레기는 바다에 머무르지 않고 즉시 물에 녹아 사라진다.,해양쓰레기는 바다생물의 생명을 위협한다.,4,해양쓰레기 피해 사례,해양쓰레기를 섭취하거나 몸에 걸려 바다생물의 생명을 위협합니다.
다음 중 해양쓰레기로 인해 발생할 수 있는 문제로 알맞은 것은?,해양쓰레기는 시간이 지나면 자연적으로 빠르게 분해된다.,해양쓰레기는 해양 생물에게 새로운 서식지를 제공한다.,국가 간 외교 갈등이 발생할 수 있다.,해양쓰레기는 해안 경관을 아름답게 만든다.,3,해양쓰레기 피해 사례,"해양쓰레기는 공유 자원으로, 국가 간 책임 분쟁을 유발할 수 있습니다."
다음 중 해양쓰레기로 인한 문제로 옳은 것은?,해양쓰레기는 자연적으로 빠르게 분해된다.,해양쓰레기는 국가 간 갈등을 유발할 수 있다.,해양쓰레기는 바다에 떠다니지 않고 해변에서만 발견된다.,해양쓰레기는 해양 생태계에 긍정적인 영향을 준다.,2,해양쓰레기 피해 사례,해양쓰레기는 국가 간 해역 분쟁을 초래합니다.
태평양 해양 쓰레기섬에 대한 설명으로 알맞은 것은?,쓰레기섬은 매일 없어지기 때문에 지속적으로 문제가 되지 않는다.,쓰레기섬은 지구 상의 모든 해양 쓰레기가 자연적으로 모이는 유일한 장소이다.,"쓰레기섬은 북태평양 한가운데 위치하며, 약 1조 8천억 개의 플라스틱 쓰레기로 이루어져 있다.",태평양 해양 쓰레기섬은 나무 조각들로만 이루어져 있다.,3,태평양 쓰레기섬,정확한 위치와 플라스틱 양을 명시하였습니다.
다음 중 태평양 쓰레기섬(GPGP)에 대한 설명으로 알맞은 것은?,태평양 쓰레기섬은 모든 쓰레기가 자발적으로 분해되어 사라진다.,태평양 쓰레기섬은 북태평양 한가운데 위치한 세계 최대의 해양 플라스틱 쓰레기 섬이다.,태평양 쓰레기섬은 정부의 강력한 대책으로 완전 제거되었다.,태평양 쓰레기섬은 해양 생태계에 전혀 영향을 미치지 않는다.,2,태평양 쓰레기섬,위치와 규모로 인해 정답입니다.
태평양 해양 쓰레기섬(GPGP)에 대한 설명으로 알맞은 것은?,태평양 해양 쓰레기섬은 초음파를 이용해 쉽게 제거할 수 있다.,태평양 해양 쓰레기섬은 주로 금속과 유리로 구성되어 있다.,태평양 해양 쓰레기섬은 자연적으로 퇴비화되어 시간이 지나면 사라진다.,"세계 최대의 해양 플라스틱 쓰레기 섬으로, 바람과 해류의 영향을 받아 형성되었다.",4,태평양 쓰레기섬,태평양의 거대한 쓰레기 집합체입니다.
태평양 쓰레기섬에 대한 설명으로 알맞은 것은?,태평양 쓰레기섬은 바람과 해류 순환으로 인해 형성된 세계 최대의 해양 플라스틱 쓰레기 섬이다.,태평양 쓰레기섬은 자연적으로 형성된 가장 깨끗한 지역이다.,태평양 쓰레기섬은 사람들이 여행하려고 만들어진 인공 섬이다.,태평양 쓰레기섬은 해양 플라스틱 쓰레기를 제거할 수 있는 자동 청소 시스템이 존재하여 문제 없다.,1,태평양 쓰레기섬,바람과 해류로 모인 최대규모 플라스틱섬입니다.
태평양 해양 쓰레기섬에 대한 설명으로 알맞은 것은?,쓰레기섬은 북태평양 한가운데 위치한 세계 최대의 해양 플라스틱 쓰레기 섬이다.,태평양 해양 쓰레기섬은 존재하지 않으며 단지 도시 전설에 불과하다.,쓰레기섬은 매일 모든 쓰레기를 수거하여 제거하는 효율적인 시스템을 갖추고 있다.,태평양 해양 쓰레기섬은 해양 생태계에 긍정적인 영향을 미치고 있다.,1,태평양 쓰레기섬,북태평양의 거대한 플라스틱 쓰레기 집중지입니다.
미세 플라스틱에 대한 설명으로 알맞은 것은?,"미세 플라스틱은 먹이사슬의 모든 단계에 있는 생물이 섭취할 수 있으며, 이로 인해 해양 동물들이 다양한 부작용을 겪을 수 있다.",미세 플라스틱은 해양 환경에 긍정적인 영향을 준다.,미세 플라스틱은 바닷물 속에서 완전히 분해되어 사라진다.,미세 플라스틱은 인체에 무해하여 먹어도 문제가 없다.,1,미세플라스틱,미세 플라스틱은 생태계 전반에 영향을 줍니다.
많은 해양 생물들이 미세 플라스틱으로 인해 겪을 수 있는 부작용으로 알맞은 것은?,장폐색 및 에너지 할당이 감소된다.,미세 플라스틱은 해양 생물의 소화에 도움이 된다.,해양 생물들은 미세 플라스틱을 주식으로 삼아 영양을 보충한다.,미세 플라스틱은 해양 생물의 체내에 쌓이지 않는다.,1,미세플라스틱,미세 플라스틱은 소화 방해와 에너지 감소를 유발합니다.
미세 플라스틱의 해양 생태계에 대한 영향으로 알맞은 것은?,플랑크톤에서부터 고래에 이르기까지 먹이사슬의 모든 단계에서 미세 플라스틱을 섭취할 수 있다.,미세 플라스틱은 해류의 흐름에 영향을 주지 않는다.,미세 플라스틱은 바다의 수온을 조절하는 긍정적인 역할을 한다.,미세 플라스틱은 생물이 소화할 수 있어 해양 생물에게 무해하다.,1,미세플라스틱,미세 플라스틱은 해양 생물의 먹이로 오인됩니다.
미세 플라스틱에 대한 설명으로 알맞은 것은?,미세 플라스틱은 해양 생물에게 아무런 해를 끼치지 않는다.,미세 플라스틱은 자연적으로 빠르게 분해된다.,미세 플라스틱은 물속에서 전혀 이동하지 않는다.,"미세 플라스틱은 해양 생물의 먹이사슬에 영향을 미치며, 섭취 시 해양 동물에게 물리적 상처와 소화 장애를 유발할 수 있다.",4,미세플라스틱,미세 플라스틱은 생물에 해롭기 때문입니다.
허베이스피릿호 원유유출 사고에 관한 설명으로 알맞은 것은?,"이 사고는 한국에서 발생한 최대 규모의 해양오염 사고로, 12,547㎘의 원유가 유출되었다.",이 사고는 바다에서 일어났지만 한국과는 전혀 관련이 없다.,이 사고는 해양오염과 관련이 없는 기름 유출 사고였다.,허베이스피릿호 사고에서는 어떤 원유도 유출되지 않았다.,1,허베이스피릿호 원유유출 사고,사고 규모와 유출량 기준으로 맞습니다.
허베이 스피리트 호 원유유출 사고에 대한 설명으로 알맞은 것은?,이 사고는 인간의 실수가 아니라 자연재해로 인해 발생했다.,유출된 원유는 즉시 제거되어 주변 지역에 영향을 미치지 않았다.,"이 사고로 유출된 원유는 해역을 오염시켰으며, 이는 국내 최대의 해양오염 사고였다.",이 사고로 인해 오염된 해역은 예정대로 즉시 관광 명소로 개방되었다.,3,허베이스피릿호 원유유출 사고,유출 규모와 오염 지역의 광범위성 때문입니다.
허베이 스피리트호 원유유출 사고와 관련하여 옳은 것은?,이 사고는 오직 단 하루 만에 모든 오염이 정화되었다.,"허베이 스피리트호 사고는 산불 사고로, 해양오염과는 관련이 없다.","이 사고는 국내 최대의 해양오염 사고로 심각성이 컸다.",사고 지역은 자주 발생하는 기름 유출로 이미 오염되어 있었기 때문에 특별한 주목을 받지 못했다.,3,허베이스피릿호 원유유출 사고,청정지역 오염과 규모가 국내 최대였기 때문입니다.
호주 시드니 해변의 검은 공에 대한 설명으로 알맞은 것은?,'검은 공'은 해변에서 발견된 새로운 생명체의 알이다.,'검은 공'은 시드니 해변에서 자생하는 조류의 일종이다.,"'검은 공'은 탄화수소 기반 오염물질로, 바다로 빠져나간 석유가 다른 물질과 응고되고 응축되어 만들어진 타르볼이다.",'검은 공'은 해양 식물의 자연적인 분해 과정에서 만들어진 것이다.,3,호주 검은 공 사건,타르볼은 검은 공 모양의 해양 오염물입니다.
최근 호주 시드니 해변에서 발견된 '검은 공'의 원인으로 알맞은 것은?,검은 공은 해안 지역 조류의 알이 부풀어 오른 것이다.,검은 공은 해양생물이 방출한 천연 가스가 굳어진 결과이다.,석유가 이물질과 함께 응고되고 응축되어 만들어진 타르볼이다.,검은 공은 주민들이 만들고 장난으로 해변에 두고 간 것이다.,3,호주 검은 공 사건,석유가 해양 환경에서 응고되어 타르볼 형성되었습니다.
호주 시드니 해변의 검은 공 사건에 대한 설명으로 알맞은 것은?,검은 공은 석유와 이물질이 뭉친 타르볼이다.,검은 공은 해안에서 발견된 대규모 플라스틱 파편이다.,검은 공은 시드니 해변의 상징적인 조형물이다.,검은 공은 해양에서 부유하는 해조류가 뭉쳐진 것이다.,1,호주 검은 공 사건,검은 공은 해양 오염으로 생긴 타르 덩어리이기 때문입니다.
호주 시드니 해변의 '검은 공' 사건에 대한 설명으로 알맞은 것은?,"'검은 공'은 바다에서 발견되었지만, 실제로는 우주에서 떨어진 운석 조각이다.",'검은 공'은 대기오염으로 인해 자유롭게 떠다니던 공기 중 먼지가 해변에 모여 만들어진 것이다.,'검은 공'은 단순히 해변에서 자라는 해조류의 집합체이다.,"'검은 공'은 탄화수소 기반 오염물질로, 바다로 빠져나간 석유가 다른 물질과 응고되고 응축돼 만들어진 타르볼이다.",4,호주 검은 공 사건,타르볼은 응고된 석유 오염물질입니다.
최근 호주 시드니 해변에 떠밀려와 해변을 폐쇄하게 만든 '검은 공'의 원인으로 알맞은 것은?,'검은 공'은 해변의 자연적인 침식으로 인해 생성되었다.,'검은 공'은 사실 플라스틱 조각들이 모여 만들어진 것이다.,석유가 다른 물질과 응고되고 응축되어 만들어진 타르볼 때문이다.,'검은 공'은 건설 활동의 일환으로 의도적으로 만들어진 인공물이다.,3,호주 검은 공 사건,타르볼은 해상 석유 유출로 형성됩니다.
다음 중 해양 생태계에 약품이 미치는 영향으로 알맞은 것은?,약품은 해양 생태계에 전혀 영향을 주지 않는다.,약품 성분은 해양 생물의 건강에 긍정적인 영향을 미친다.,약품 성분이 해양 생물의 번식과 생존에 부정적 영향을 미친다.,약품은 해양 생물의 생존을 오히려 활성화시킨다.,3,약품 사고,약품이 생물호르몬 교란 및 유해 변화를 유발합니다.
다음 중 약품으로 인한 해양생물의 피해 사례로 알맞은 것은?,약품은 해양 생물의 생식 능력을 향상시킨다.,약품은 해양 생물에게 유해하지 않고 자연적으로 분해된다.,모든 약품은 해양 환경에서 이로운 효과를 미친다.,하수구를 통해 버려진 약품이 강과 하천으로 흘러들어 여러 어패류의 생태계를 교란한다.,4,약품 사고,약품이 생태계 교란하여 생물 다양성 감소합니다.
해양 생물에게 심각한 영향을 미칠 수 있는 약품 처리 방법으로 알맞은 것은?,해양에 직접 버려도 자연적으로 분해되므로 문제가 없다.,미복용 약품은 일반 쓰레기통에 버리면 된다.,미복용 약품을 하수구나 변기가 아닌 지정된 폐의약품 수거함에 버린다.,약품은 그냥 싱크대에 흘려보내면 수처리장에서 충분히 처리할 수 있다.,3,약품 사고,폐의약품이 수질 오염을 줄여 해양 생물 보호합니다.
약품의 배출로 인해 해양 생물에게 미치는 영향으로 알맞은 것은?,약품은 하수구를 통해 버려지지 않고 자연적으로 분해되어 안전하다.,강과 하천에 버려진 약품은 해양 생물의 생장을 촉진시킨다.,해양 생물은 약품에 전혀 영향을 받지 않는다.,하수구를 통해 버려진 약품이 강과 하천으로 흘러 들어가 해양 생물의 생태계를 교란시킨다.,4,약품 사고,약품이 생태계 균형을 파괴하여 생물을 위협합니다.
약품으로 인한 해양 생물의 고통에 대한 설명으로 알맞은 것은?,약품은 자연적으로 농축되지 않으며 생물에 축적되지 않는다.,하수구를 통해 버려진 약품은 강과 하천으로 흘러들어가 어패류 생태계에 교란을 일으킨다.,약품은 해양 생물의 진화에 유리한 환경을 제공한다.,약품은 물에서 빠르게 분해되어 해양 생물에게 해를 끼치지 않는다.,2,약품 사고,약품은 해양 생물의 생리적 균형을 교란합니다.
제주바다에서 목격된 돌고래에 대한 설명으로 옳은 것은?,제주바다에서는 돌고래가 전혀 관찰되지 않는다.,폐어구는 돌고래의 건강에 전혀 영향을 미치지 않는다.,성체에 가까운 남방큰돌고래가 폐어구에 감겨 있는 상태이다.,제주바다의 돌고래는 항상 물 위로 떠오르지 않는다.,3,폐어구에 걸린 돌고래,제주바다 특성과 폐어구 위험성 때문입니다.
제주바다에서 폐어구에 걸린 돌고래에 대한 설명으로 알맞은 것은?,폐어구에 걸린 돌고래는 오히려 더 빨리 수영할 수 있다.,돌고래는 폐어구와 놀이를 즐기며 스트레스를 해소한다.,돌고래는 폐어구에 적응하여 생활하는 데 전혀 문제가 없다.,돌고래의 꼬리에 폐어구가 감기면 활동에 지장을 받을 수 있다.,4,폐어구에 걸린 돌고래,폐어구가 감기면 이동과 사냥이 어려워집니다.
다음 중 제주바다에서 폐어구에 걸린 남방큰돌고래에 대한 설명으로 알맞은 것은?,해조류가 폐어구에 끼기 시작하면 활동에 지장을 받을 수 있다.,폐어구는 남방큰돌고래의 자연 서식지에 긍정적인 영향을 미친다.,남방큰돌고래는 폐어구를 활용해 둥지를 짓는다.,남방큰돌고래는 폐어구에 의해 아무런 지장을 받지 않는다.,1,폐어구에 걸린 돌고래,폐어구에 해조류가 끼면 돌고래 움직임을 방해합니다.
제주 바다에서 폐어구에 걸린 돌고래에 대한 설명으로 알맞은 것은?,폐어구에 걸린 돌고래는 자연적으로 회복할 수밖에 없어 구조되지 않는다.,제주 바다의 돌고래는 제스처를 통해 폐어구를 스스로 제거할 수 있다.,북극에서 발견된 흰돌고래가 제주 바다에서 폐어구에 걸렸다.,"남방큰돌고래가 폐어구에 걸렸으며, 폐어구 제거 작업에 성공한 사례가 있다.",4,폐어구에 걸린 돌고래,남방큰돌고래구조 및 성공사례가 존재합니다.
제주바다에서 발견된 폐어구에 걸린 남방큰돌고래에 대한 설명으로 알맞은 것은?,"남방큰돌고래는 폐어구에 걸려도 살아남을 수 없으며, 발견 즉시 사망한다.","남방큰돌고래는 원래 대서양에서 서식하며, 제주바다와는 관련이 없다.",남방큰돌고래는 제주바다에서 처음 발견된 종이다.,남방큰돌고래는 제주바다에서 낚싯줄에 걸려 처음 발견된 후 10개월 만에 낚싯줄 제거에 성공하였다.,4,폐어구에 걸린 돌고래,정확한 발견 시기와 제거 성공 시기를 설명합니다.
우리나라 연안에서 발견된 바다 거북에 대한 설명으로 알맞은 것은?,바다 거북 10마리 중 8마리는 해수의 염분을 먹이로 삼는다.,"바다 거북은 우리나라에 서식하지 않으며, 이곳에서 발견될 수 없다.",바다 거북 10마리 중 8마리가 플라스틱을 섭취한 것으로 확인되었다.,우리나라 연안에서 발견된 바다 거북은 플라스틱을 전혀 섭취하지 않는다.,3,우리나라 바다 거북,연안 오염으로 인해 플라스틱 섭취 증가 때문입니다.
우리나라 연안에서 발견된 바다거북의 플라스틱 섭식에 대한 설명으로 알맞은 것은?,우리나라 연안에서 발견된 바다거북은 해양 플라스틱을 전혀 섭취하지 않았다.,우리나라 연안에서 발견된 바다거북 폐사체 34마리 중 단 한 마리도 플라스틱 섭취에 관련된 사망이 아닌 것으로 확인되었다.,우리나라 연안에서 발견된 바다거북 폐사체 34마리 중 28마리가 해양 플라스틱을 섭식하였다.,"우리나라 바다거북의 폐사는 모두 자연적인 원인에 의한 것이며, 어떤 형태의 해양 오염과도 관련이 없다.",3,우리나라 바다 거북,플라스틱 섭식률이 높음을 보여줍니다.
우리나라 연안에서 발견된 바다거북에 대한 설명으로 알맞은 것은?,바다거북의 소화기관에서는 자연적으로 형성된 조개와 산호만 발견되었다.,바다거북은 우리나라 연안에 살지 않는다.,바다거북의 소화기관에서 음식물 쓰레기가 발견되지 않는다.,"바다거북의 소화기관에서 플라스틱뿐만 아니라 비닐, 테이프, 낚시줄 등 생활쓰레기가 발견되었다.",4,우리나라 바다 거북,우리나라 바다거북의 소화기관에서 다양한 생활쓰레기가 발견되었기 때문입니다.
우리나라 연안에서 발견된 바다 거북에 대한 설명으로 알맞은 것은?,대부분의 바다 거북 사체에서 플라스틱이 발견되었다.,"바다 거북은 육지에만 서식하며, 바다에서 발견되지 않는다.",우리나라 연안의 바다 거북은 인간 활동과 전혀 관련이 없는 멸종 위기이다.,우리나라 연안의 바다 거북은 모두 플라스틱을 먹지 않는다.,1,우리나라 바다 거북,환경오염이 해양 생태계에 미치는 영향 때문입니다.
우리나라 연안에서 발견된 바다 거북에 대한 설명으로 알맞은 것은?,바다 거북은 플라스틱을 섭식하면 건강에 전혀 지장이 없다.,바다 거북은 해안에만 서식하며 바다 속으로는 전혀 들어가지 않는다.,우리나라 연안에서는 바다 거북이 전혀 발견되지 않는다.,우리나라 연안에서 발견된 바다 거북 10마리 중 8마리가 플라스틱을 섭식하였다.,4,우리나라 바다 거북,바다 오염이 거북 생태에 큰 영향을 미칩니다.
상괭이에 대한 설명으로 알맞은 것은?,상괭이는 대규모 무리를 지어 이동하는 습성을 가지고 있다.,상괭이는 물을 전혀 마시지 않고도 생존할 수 있는 육지 포유류다.,상괭이는 고래류 중 가장 빠르게 헤엄칠 수 있는 종이다.,상괭이는 주둥이가 앞으로 튀어나오지 않아 일반적인 돌고래와는 다르다.,4,상괭이,상괭이는 주둥이가 평평하여 돌고래와 구별됩니다.
상괭이에 대한 설명으로 알맞은 것은?,상괭이는 등지느러미 대신 용골과 같은 융기가 등의 흉부에서 꼬리까지 이어져 있다.,상괭이는 날개를 사용하여 하늘을 난다.,상괭이는 꼬리 대신 긴 목을 가지고 있다.,상괭이는 호수에서만 서식하는 해양 포유류이다.,1,상괭이,상괭이는 등지느러미 없이 용골 융기가 있습니다.
상괭이에 대한 설명으로 알맞은 것은?,"상괭이는 육상 동물이며, 고산지대에서 주로 발견된다.","상괭이는 북극의 빙하 아래에 서식하고, 청록색의 몸 색깔을 가진다.","상괭이는 사막에서 주로 서식하며, 물이 거의 필요 없다.","상괭이는 주로 한반도 남서해에 서식하며, 회백색의 몸 색깔을 가진다.",4,상괭이,상괭이는 회백색이며 한반도 남서해에 서식합니다.
상괭이에 대한 설명으로 알맞은 것은?,상괭이는 육지에 서식하며 나무 위를 이동한다.,"상괭이는 몸 색깔이 주로 회백색이며, 죽은 사체는 흑색으로 변한다.",상괭이는 주로 사막 지역에서 발견된다.,상괭이는 날개가 있어서 하늘을 날 수 있다.,2,상괭이,죽으면 멜라닌이 증가하여 색이 짙어집니다.
상괭이에 관한 설명으로 알맞은 것은?,상괭이는 육지에서 서식하며 산악 지대에서 발견된다.,상괭이는 주로 북극해에서만 서식하는 생물이다.,상괭이는 인간과 유사한 육아 방식을 가진다.,상괭이는 돌고래와 달리 주둥이가 앞으로 튀어나오지 않는다.,4,상괭이,상괭이는 짧고 둥근 주둥이를 가집니다.
해양쓰레기 발생원인으로 옳은 것은?,여름철에만 발생하는 해양쓰레기가 있다.,일상적인 쓰레기가 해양쓰레기로 정의되지 않는다.,장마철 폭우나 태풍이 있을 때 함부로 버려진 쓰레기가 바다로 이동하게 된다.,해양쓰레기는 주로 고무나 금속으로만 구성된다.,3,해양쓰레기 발생원인,장마철 폭우나 태풍으로 쓰레기가 쉽게 이동해 바다로 유입되기 때문입니다.
해양쓰레기의 발생원인으로 옳은 것은?,해양쓰레기는 항구 근처에서만 발생한다.,하천과 강을 따라 바다로 들어오는 쓰레기,해양쓰레기는 바닷속에서 자연적으로 생성된다.,해양쓰레기는 주로 기후 변화로 인해 발생한다.,2,해양쓰레기 발생원인,하천과 강은 육상의 쓰레기가 바다로 직접 유입되는 경로이기 때문입니다.
국내 해양쓰레기 현황에 대한 정보로 알맞은 것은?,육지에서 유입되는 양이 50%를 차지한다.,해양 쓰레기의 대부분은 해상에서 발생한다.,육지에서 유입되는 양이 65%로 가장 많다.,바다에서 직접 발생하는 양이 75%로 가장 많다.,3,해양쓰레기 현황,육지에서 유입된 쓰레기가 해양오염의 주 원인임을 나타냅니다.
해양쓰레기로 인해 생물에게 피해가 발생하는 것 중 옳은 것은?,미세플라스틱이 해양생태계를 위협한다.,해양 생물이 쓰레기를 먹지 않는다.,해양쓰레기는 생물에게 무해한 영향을 미친다.,해양쓰레기는 생물의 생존에 필수적인 요소이다.,1,해양쓰레기 피해 및 위험성,"미세플라스틱은 해양 생물의 식량으로 오인돼 섭취되며, 해양 생태계에 직접적인 위협이 됩니다."
태평양 해양 쓰레기섬과 관련하여 거리가 가까운 것은?,태평양 해양 쓰레기섬은 주로 침전물이 형성된 지역이다.,해양 쓰레기 섬은 해양 생물을 보호하기 위한 인공 구조물이다.,해양 폐기물들이 바다의 흐름에 따라 한 곳으로 모여 형성된 대규모 플라스틱 쓰레기 섬이다.,해양 쓰레기 섬은 해양 생물들이 생성한 자연 현상이다.,3,태평양 쓰레기섬,해양 폐기물이 해류에 의해 집합해 형성된 것이기 때문입니다.
미세 플라스틱의 환경적 영향 중 거리가 가까운 것은?,미세 플라스틱은 해양 생물의 생태계에 긍정적인 영향을 준다.,물고기의 성장과 번식에 장애를 일으킨다.,미세 플라스틱은 주로 육상 동물에게만 영향을 미친다.,미세 플라스틱은 주로 수중 식물의 광합성을 방해한다.,2,미세플라스틱,미세 플라스틱이 물고기에 유입되어 먹이사슬에 영향을 주기 때문입니다.
미세 플라스틱이 해양생태계에 미치는 영향으로 거리가 가까운 것은?,미세 플라스틱은 해양 생물의 생존에 아무런 영향을 미치지 않는다.,미세 플라스틱은 해양 생물의 인지 능력을 향상시킨다.,미세 플라스틱은 해양 생물의 색상을 변화시킨다.,성장과 번식에 장애를 일으키는 문제이다.,4,미세플라스틱,미세 플라스틱이 해양 생물의 생리적 기능을 방해하여 성장과 번식에 악영향을 미치기 때문입니다.
허베이스피릿호 원유유출 사고와 관련하여 거리가 가까운 것은?,"2007년 12월 7일 충남 앞 바다에서 일어난 국내 최대 해양오염 사고로, 12,547㎘의 원유가 유출됐다.",허베이스피릿호 사고는 2005년 5월 15일 부산 앞바다에서 발생했다.,허베이스피릿호 사고는 단 한 방울의 원유도 유출되지 않았다.,허베이스피릿호 사고는 2010년 4월 20일 미국 멕시코만에서 발생한 사고이다.,1,허베이스피릿호 원유유출 사고,사고 발생일과 장소가 관련 정보입니다.
허베이스피릿호 원유유출 사고와 관련하여 거리가 가까운 것은?,"120,000㎘의 원유가 해상으로 유출되었다.","5,874㎘의 원유가 해상으로 유출되었다.","20,000㎘의 원유가 해상으로 유출되었다.","12,547㎘의 원유가 해상으로 유출되었다.",4,허베이스피릿호 원유유출 사고,유출된 원유량이 사건의 핵심 사실이기 때문입니다.
호주 시드니 해변의 검은 공 사건과 관련하여 옳은 것은?,검은 공은 해양 쓰레기와는 관계없이 별개로 발생한다.,검은 공은 자연적인 해양 자원으로 알려져 있다.,"검은 공은 탄화수소 기반 오염물질로, 바다로 빠져나간 석유와 이물질이 응고돼 생성되었다.",검은 공은 주로 해양 생물에 의해 생성된 것이다.,3,호주 검은 공 사건,검은 공은 석유와 이물질의 응집체입니다.
검은 공 사건과 관련하여 거리가 가까운 것은?,검은 공 사건은 해양 생물의 번식에 긍정적인 영향을 미쳤다.,해변에 떠밀려온 탄화수소 기반 오염물질로 확인된 검은 공이다.,검은 공은 바다에서 발견된 플라스틱 조각으로만 이루어져 있다.,검은 공 사건은 육상의 폐기물 처리 실패로 인한 것이다.,2,호주 검은 공 사건,검은 공 사건은 탄화수소 오염물질과 관련이 있습니다.
"해양 생물에 미치는 약품으로 인한 영향에 대한 설명 중 옳은 것은?",미복용 약품이 하수구를 통해 흘러들어가 어패류에 생태계 교란을 일으킨다.,약품은 하수구를 통해 바다로 흘러갈 수 없다.,의약품이 해양 생물에게 직접적으로 유익한 영향을 미친다.,해양 생물은 약품에 대해 면역성이 강해 영향을 받지 않는다.,1,약품 사고,약품이 하수구로 유입되어 생태계에 해로운 영향을 미치기 때문입니다.
우리나라 연안에서 발견된 바다거북에 대한 정보 중 옳은 것은?,10마리 중 5마리가 플라스틱을 먹은 것으로 확인됐다.,바다거북은 연안에서 플라스틱을 전혀 섭취하지 않는다.,10마리 중 8마리가 플라스틱을 먹은 것으로 확인됐다.,10마리 중 3마리가 다른 종류의 쓰레기를 먹은 것으로 확인됐다.,3,우리나라 바다 거북,"플라스틱 섭취는 환경 오염의 직접적 증거로, 바다거북에 미치는 영향을 보여줍니다."
상괭이가 주로 서식하는 지역으로 옳은 것은?,동해안,한반도 남서해,동중국해,태평양,2,상괭이,"상괭이는 따뜻한 해양 환경을 선호하기 때문에 한반도 남서해에서 주로 서식합니다."
상괭이의 서식지로 옳은 것은?,한반도 동해,서남극 해역,태평양,한반도 남서해,4,상괭이,상괭이는 한반도 남서해 해역에서 자주 발견됩니다.
해양쓰레기로 인해 바다생물이 입는 피해 중 올바른 것은?,바다생물은 해양쓰레기를 소화시킬 수 없다.,해양쓰레기는 해양생물의 생태계에 긍정적인 영향을 미친다.,해양쓰레기는 대부분 자연적으로 분해된다.,해양쓰레기는 주로 해저에서 자연적으로 정화된다.,1,해양쓰레기 피해 사례,바다동물은 플라스틱을 소화하지 못합니다.